<?xml version="1.0" encoding="UTF-8"?>
<metadata xml:lang="en"><Esri><CreaDate>20110127</CreaDate><CreaTime>15363400</CreaTime><ArcGISFormat>1.0</ArcGISFormat><SyncOnce>TRUE</SyncOnce><DataProperties><lineage><Process ToolSource="C:\Programmi\ArcGIS\Desktop10.0\ArcToolbox\Toolboxes\Data Management Tools.tbx\CalculateField" Date="20110127" Time="153634">CalculateField hydrobasins_africa MAJ_NAME "Orange" VB #</Process><Process ToolSource="C:\Programmi\ArcGIS\Desktop10.0\ArcToolbox\Toolboxes\Data Management Tools.tbx\CalculateField" Date="20110127" Time="154144">CalculateField hydrobasins_africa SUB_BAS 85706 VB #</Process><Process ToolSource="C:\Programmi\ArcGIS\Desktop10.0\ArcToolbox\Toolboxes\Data Management Tools.tbx\CalculateField" Date="20110127" Time="154200">CalculateField hydrobasins_africa SUB_BAS 85707 VB #</Process><Process ToolSource="C:\Programmi\ArcGIS\Desktop10.0\ArcToolbox\Toolboxes\Data Management Tools.tbx\CalculateField" Date="20110127" Time="154211">CalculateField hydrobasins_africa SUB_BAS 85708 VB #</Process><Process ToolSource="C:\Programmi\ArcGIS\Desktop10.0\ArcToolbox\Toolboxes\Data Management Tools.tbx\CalculateField" Date="20110127" Time="154226">CalculateField hydrobasins_africa TO_BAS 85708 VB #</Process><Process ToolSource="C:\Programmi\ArcGIS\Desktop10.0\ArcToolbox\Toolboxes\Data Management Tools.tbx\CalculateField" Date="20110127" Time="154233">CalculateField hydrobasins_africa TO_BAS 85708 VB #</Process><Process ToolSource="C:\Programmi\ArcGIS\Desktop10.0\ArcToolbox\Toolboxes\Data Management Tools.tbx\CalculateField" Date="20110127" Time="154255">CalculateField hydrobasins_africa MAJ_BAS 7008 VB #</Process><Process ToolSource="C:\Programmi\ArcGIS\Desktop10.0\ArcToolbox\Toolboxes\Data Management Tools.tbx\CalculateField" Date="20110201" Time="131017">CalculateField hydrobasins_africa Maj "[MAJ_BAS] - 7000" VB #</Process><Process ToolSource="C:\Programmi\ArcGIS\Desktop10.0\ArcToolbox\Toolboxes\Data Management Tools.tbx\CalculateField" Date="20110201" Time="131215">CalculateField hydrobasins_africa Legend "[MAJ_BAS] - 7000" VB #</Process><Process ToolSource="C:\Programmi\ArcGIS\Desktop10.0\ArcToolbox\Toolboxes\Data Management Tools.tbx\DefineProjection" Date="20110201" Time="131702">DefineProjection hydrobasins_africa GEOGCS['GCS_WGS_1984',DATUM['D_WGS_1984',SPHEROID['WGS_1984',6378137.0,298.257223563]],PRIMEM['Greenwich',0.0],UNIT['Degree',0.0174532925199433]]</Process><Process ToolSource="C:\Programmi\ArcGIS\Desktop10.0\ArcToolbox\Toolboxes\Data Management Tools.tbx\CalculateField" Date="20110201" Time="131743">CalculateField hydrobasins_africa LEGEND "[MAJ_BAS] - 7000" VB #</Process></lineage></DataProperties></Esri></metadata>
